companyname,FinancialVariable,Datadate,Unit,Value
ACM RESEARCH INC,revt,31/12/2016,USD million,27.371
ACM RESEARCH INC,revt,31/12/2017,USD million,36.506
ACM RESEARCH INC,revt,31/12/2018,USD million,74.643
ACM RESEARCH INC,revt,31/12/2019,USD million,107.524
ACM RESEARCH INC,revt,31/12/2020,USD million,156.624
ACM RESEARCH INC,revt,31/12/2021,USD million,259.751
ACM RESEARCH INC,revt,31/12/2022,USD million,388.832
ACM RESEARCH INC,revt,31/12/2023,USD million,557.723
ACM RESEARCH INC,revt,31/12/2024,USD million,782.118
ANALOG DEVICES INC,revt,31/10/2016,USD million,3421.409
ANALOG DEVICES INC,revt,31/10/2017,USD million,5107.503
ANALOG DEVICES INC,revt,31/10/2018,USD million,6200.942
ANALOG DEVICES INC,revt,31/10/2019,USD million,5991.065
ANALOG DEVICES INC,revt,31/10/2020,USD million,5603.056
ANALOG DEVICES INC,revt,31/10/2021,USD million,7318.286
ANALOG DEVICES INC,revt,31/10/2022,USD million,12013.953
ANALOG DEVICES INC,revt,31/10/2023,USD million,12305.539
ANALOG DEVICES INC,revt,31/10/2024,USD million,9427.157
ALLEGRO MICROSYSTEMS INC,revt,31/03/2019,USD million,724.311
ALLEGRO MICROSYSTEMS INC,revt,31/03/2020,USD million,650.089
ALLEGRO MICROSYSTEMS INC,revt,31/03/2021,USD million,591.207
ALLEGRO MICROSYSTEMS INC,revt,31/03/2022,USD million,768.674
ALLEGRO MICROSYSTEMS INC,revt,31/03/2023,USD million,973.653
ALLEGRO MICROSYSTEMS INC,revt,31/03/2024,USD million,1049.367
ALLEGRO MICROSYSTEMS INC,revt,31/03/2025,USD million,725.006
ALIGN TECHNOLOGY INC,revt,31/12/2016,USD million,1079.874
ALIGN TECHNOLOGY INC,revt,31/12/2017,USD million,1473.413
ALIGN TECHNOLOGY INC,revt,31/12/2018,USD million,1966.492
ALIGN TECHNOLOGY INC,revt,31/12/2019,USD million,2406.796
ALIGN TECHNOLOGY INC,revt,31/12/2020,USD million,2471.941
ALIGN TECHNOLOGY INC,revt,31/12/2021,USD million,3952.584
ALIGN TECHNOLOGY INC,revt,31/12/2022,USD million,3734.635
ALIGN TECHNOLOGY INC,revt,31/12/2023,USD million,3862.26
ALIGN TECHNOLOGY INC,revt,31/12/2024,USD million,3999.012
ADVANCED MICRO DEVICES,revt,31/12/2016,USD million,4272.0
ADVANCED MICRO DEVICES,revt,31/12/2017,USD million,5329.0
ADVANCED MICRO DEVICES,revt,31/12/2018,USD million,6475.0
ADVANCED MICRO DEVICES,revt,31/12/2019,USD million,6731.0
ADVANCED MICRO DEVICES,revt,31/12/2020,USD million,9763.0
ADVANCED MICRO DEVICES,revt,31/12/2021,USD million,16434.0
ADVANCED MICRO DEVICES,revt,31/12/2022,USD million,23601.0
ADVANCED MICRO DEVICES,revt,31/12/2023,USD million,22680.0
ADVANCED MICRO DEVICES,revt,31/12/2024,USD million,25785.0
AMKOR TECHNOLOGY INC,revt,31/12/2016,USD million,3893.635
AMKOR TECHNOLOGY INC,revt,31/12/2017,USD million,4186.497
AMKOR TECHNOLOGY INC,revt,31/12/2018,USD million,4316.466
AMKOR TECHNOLOGY INC,revt,31/12/2019,USD million,4052.65
AMKOR TECHNOLOGY INC,revt,31/12/2020,USD million,5050.589
AMKOR TECHNOLOGY INC,revt,31/12/2021,USD million,6138.329
AMKOR TECHNOLOGY INC,revt,31/12/2022,USD million,7091.585
AMKOR TECHNOLOGY INC,revt,31/12/2023,USD million,6503.065
AMKOR TECHNOLOGY INC,revt,31/12/2024,USD million,6317.692
ARK RESTAURANTS CORP,revt,30/09/2016,USD million,150.152
ARK RESTAURANTS CORP,revt,30/09/2017,USD million,153.877
ARK RESTAURANTS CORP,revt,30/09/2018,USD million,159.99
ARK RESTAURANTS CORP,revt,30/09/2019,USD million,162.354
ARK RESTAURANTS CORP,revt,30/09/2020,USD million,106.49
ARK RESTAURANTS CORP,revt,30/09/2021,USD million,131.87
ARK RESTAURANTS CORP,revt,30/09/2022,USD million,183.674
ARK RESTAURANTS CORP,revt,30/09/2023,USD million,184.793
ARK RESTAURANTS CORP,revt,30/09/2024,USD million,183.545
ASML HOLDING NV,revt,31/12/2016,USD million,7169.822
ASML HOLDING NV,revt,31/12/2017,USD million,10883.276
ASML HOLDING NV,revt,31/12/2018,USD million,12529.759
ASML HOLDING NV,revt,31/12/2019,USD million,13264.199
ASML HOLDING NV,revt,31/12/2020,USD million,16849.488
ASML HOLDING NV,revt,31/12/2021,USD million,21166.769
ASML HOLDING NV,revt,31/12/2022,USD million,22628.907
ASML HOLDING NV,revt,31/12/2023,USD million,30461.66
ASML HOLDING NV,revt,31/12/2024,USD million,29260.936
ASE TECHNOLOGY HLDNG CO,revt,31/12/2016,USD million,8484.077
ASE TECHNOLOGY HLDNG CO,revt,31/12/2017,USD million,9798.961
ASE TECHNOLOGY HLDNG CO,revt,31/12/2018,USD million,12123.07
ASE TECHNOLOGY HLDNG CO,revt,31/12/2019,USD million,13811.709
ASE TECHNOLOGY HLDNG CO,revt,31/12/2020,USD million,16697.742
ASE TECHNOLOGY HLDNG CO,revt,31/12/2021,USD million,20568.449
ASE TECHNOLOGY HLDNG CO,revt,31/12/2022,USD million,21837.73
ASE TECHNOLOGY HLDNG CO,revt,31/12/2023,USD million,18993.898
ASE TECHNOLOGY HLDNG CO,revt,31/12/2024,USD million,18163.446
ALPHATEC HOLDINGS INC,revt,31/12/2016,USD million,120.248
ALPHATEC HOLDINGS INC,revt,31/12/2017,USD million,101.739
ALPHATEC HOLDINGS INC,revt,31/12/2018,USD million,91.694
ALPHATEC HOLDINGS INC,revt,31/12/2019,USD million,113.427
ALPHATEC HOLDINGS INC,revt,31/12/2020,USD million,144.861
ALPHATEC HOLDINGS INC,revt,31/12/2021,USD million,243.212
ALPHATEC HOLDINGS INC,revt,31/12/2022,USD million,350.867
ALPHATEC HOLDINGS INC,revt,31/12/2023,USD million,482.262
ALPHATEC HOLDINGS INC,revt,31/12/2024,USD million,611.562
ATOMERA INC,revt,31/12/2016,USD million,0.0
ATOMERA INC,revt,31/12/2017,USD million,0.11
ATOMERA INC,revt,31/12/2018,USD million,0.246
ATOMERA INC,revt,31/12/2019,USD million,0.533
ATOMERA INC,revt,31/12/2020,USD million,0.062
ATOMERA INC,revt,31/12/2021,USD million,0.4
ATOMERA INC,revt,31/12/2022,USD million,0.382
ATOMERA INC,revt,31/12/2023,USD million,0.55
ATOMERA INC,revt,31/12/2024,USD million,0.135
CBAK ENERGY TECHNOLOGY INC,revt,30/09/2016,USD million,10.369
CBAK ENERGY TECHNOLOGY INC,revt,31/12/2017,USD million,58.375
CBAK ENERGY TECHNOLOGY INC,revt,31/12/2018,USD million,24.433
CBAK ENERGY TECHNOLOGY INC,revt,31/12/2019,USD million,22.194
CBAK ENERGY TECHNOLOGY INC,revt,31/12/2020,USD million,37.566
CBAK ENERGY TECHNOLOGY INC,revt,31/12/2021,USD million,52.67
CBAK ENERGY TECHNOLOGY INC,revt,31/12/2022,USD million,248.725
CBAK ENERGY TECHNOLOGY INC,revt,31/12/2023,USD million,204.438
CBAK ENERGY TECHNOLOGY INC,revt,31/12/2024,USD million,176.615
DXC TECHNOLOGY CO,revt,31/03/2016,USD million,7106.0
DXC TECHNOLOGY CO,revt,31/03/2017,USD million,7607.0
DXC TECHNOLOGY CO,revt,31/03/2018,USD million,24556.0
DXC TECHNOLOGY CO,revt,31/03/2019,USD million,20753.0
DXC TECHNOLOGY CO,revt,31/03/2020,USD million,19577.0
DXC TECHNOLOGY CO,revt,31/03/2021,USD million,17729.0
DXC TECHNOLOGY CO,revt,31/03/2022,USD million,16265.0
DXC TECHNOLOGY CO,revt,31/03/2023,USD million,14430.0
DXC TECHNOLOGY CO,revt,31/03/2024,USD million,13667.0
DXC TECHNOLOGY CO,revt,31/03/2025,USD million,12871.0
GLOBALFOUNDRIES INC,revt,31/12/2018,USD million,
GLOBALFOUNDRIES INC,revt,31/12/2019,USD million,5812.788
GLOBALFOUNDRIES INC,revt,31/12/2020,USD million,4850.505
GLOBALFOUNDRIES INC,revt,31/12/2021,USD million,6585.079
GLOBALFOUNDRIES INC,revt,31/12/2022,USD million,8108.0
GLOBALFOUNDRIES INC,revt,31/12/2023,USD million,7392.0
GLOBALFOUNDRIES INC,revt,31/12/2024,USD million,6750.0
GSI TECHNOLOGY INC,revt,31/03/2016,USD million,52.736
GSI TECHNOLOGY INC,revt,31/03/2017,USD million,48.18
GSI TECHNOLOGY INC,revt,31/03/2018,USD million,42.643
GSI TECHNOLOGY INC,revt,31/03/2019,USD million,51.486
GSI TECHNOLOGY INC,revt,31/03/2020,USD million,43.343
GSI TECHNOLOGY INC,revt,31/03/2021,USD million,27.729
GSI TECHNOLOGY INC,revt,31/03/2022,USD million,33.384
GSI TECHNOLOGY INC,revt,31/03/2023,USD million,29.691
GSI TECHNOLOGY INC,revt,31/03/2024,USD million,21.765
GSI TECHNOLOGY INC,revt,31/03/2025,USD million,20.518
HAWAIIAN ELECTRIC INDS,revt,31/12/2016,USD million,2380.654
HAWAIIAN ELECTRIC INDS,revt,31/12/2017,USD million,2555.625
HAWAIIAN ELECTRIC INDS,revt,31/12/2018,USD million,2860.849
HAWAIIAN ELECTRIC INDS,revt,31/12/2019,USD million,2874.601
HAWAIIAN ELECTRIC INDS,revt,31/12/2020,USD million,2579.775
HAWAIIAN ELECTRIC INDS,revt,31/12/2021,USD million,2850.379
HAWAIIAN ELECTRIC INDS,revt,31/12/2022,USD million,3741.985
HAWAIIAN ELECTRIC INDS,revt,31/12/2023,USD million,3682.166
HAWAIIAN ELECTRIC INDS,revt,31/12/2024,USD million,3219.85
INFINEON TECHNOLOGIES AG,revt,30/09/2016,USD million,7274.357
INFINEON TECHNOLOGIES AG,revt,30/09/2017,USD million,8343.522
INFINEON TECHNOLOGIES AG,revt,30/09/2018,USD million,8829.405
INFINEON TECHNOLOGIES AG,revt,30/09/2019,USD million,8755.027
INFINEON TECHNOLOGIES AG,revt,30/09/2020,USD million,10059.788
INFINEON TECHNOLOGIES AG,revt,30/09/2021,USD million,12819.308
INFINEON TECHNOLOGIES AG,revt,30/09/2022,USD million,13941.497
INFINEON TECHNOLOGIES AG,revt,30/09/2023,USD million,17260.948
INFINEON TECHNOLOGIES AG,revt,30/09/2024,USD million,16679.859
CHIPMOS TECHNOLOGIES INC,revt,31/12/2021,USD million,988.768
CHIPMOS TECHNOLOGIES INC,revt,31/12/2016,USD million,567.518
CHIPMOS TECHNOLOGIES INC,revt,31/12/2017,USD million,605.697
CHIPMOS TECHNOLOGIES INC,revt,31/12/2018,USD million,605.129
CHIPMOS TECHNOLOGIES INC,revt,31/12/2019,USD million,680.26
CHIPMOS TECHNOLOGIES INC,revt,31/12/2020,USD million,805.671
CHIPMOS TECHNOLOGIES INC,revt,31/12/2022,USD million,765.509
CHIPMOS TECHNOLOGIES INC,revt,31/12/2023,USD million,697.075
CHIPMOS TECHNOLOGIES INC,revt,31/12/2024,USD million,692.357
INDIE SEMICONDUCTOR INC,revt,31/12/2020,USD million,
INDIE SEMICONDUCTOR INC,revt,31/12/2021,USD million,48.412
INDIE SEMICONDUCTOR INC,revt,31/12/2022,USD million,110.797
INDIE SEMICONDUCTOR INC,revt,31/12/2023,USD million,223.169
INDIE SEMICONDUCTOR INC,revt,31/12/2024,USD million,216.682
ITURAN LOCATION & CONTROL,revt,31/12/2016,USD million,199.574
ITURAN LOCATION & CONTROL,revt,31/12/2017,USD million,234.636
ITURAN LOCATION & CONTROL,revt,31/12/2018,USD million,253.335
ITURAN LOCATION & CONTROL,revt,31/12/2019,USD million,279.332
ITURAN LOCATION & CONTROL,revt,31/12/2020,USD million,245.627
ITURAN LOCATION & CONTROL,revt,31/12/2021,USD million,270.884
ITURAN LOCATION & CONTROL,revt,31/12/2022,USD million,293.072
ITURAN LOCATION & CONTROL,revt,31/12/2023,USD million,319.978
ITURAN LOCATION & CONTROL,revt,31/12/2024,USD million,336.257
KRANESHS HNG SNG TECH IX ETF,revt,31/12/2021,USD million,
KRANESHS HNG SNG TECH IX ETF,revt,31/12/2022,USD million,
KRANESHS HNG SNG TECH IX ETF,revt,31/12/2023,USD million,
KRANESHS HNG SNG TECH IX ETF,revt,31/12/2024,USD million,
NLIGHT INC,revt,31/12/2016,USD million,101.325
NLIGHT INC,revt,31/12/2017,USD million,138.58
NLIGHT INC,revt,31/12/2018,USD million,191.359
NLIGHT INC,revt,31/12/2019,USD million,176.619
NLIGHT INC,revt,31/12/2020,USD million,222.789
NLIGHT INC,revt,31/12/2021,USD million,270.146
NLIGHT INC,revt,31/12/2022,USD million,242.058
NLIGHT INC,revt,31/12/2023,USD million,209.921
NLIGHT INC,revt,31/12/2024,USD million,198.548
LATTICE SEMICONDUCTOR CORP,revt,31/12/2016,USD million,427.054
LATTICE SEMICONDUCTOR CORP,revt,31/12/2017,USD million,385.961
LATTICE SEMICONDUCTOR CORP,revt,31/12/2018,USD million,398.799
LATTICE SEMICONDUCTOR CORP,revt,31/12/2019,USD million,404.093
LATTICE SEMICONDUCTOR CORP,revt,31/12/2020,USD million,408.12
LATTICE SEMICONDUCTOR CORP,revt,31/12/2021,USD million,515.327
LATTICE SEMICONDUCTOR CORP,revt,31/12/2022,USD million,660.356
LATTICE SEMICONDUCTOR CORP,revt,31/12/2023,USD million,737.154
LATTICE SEMICONDUCTOR CORP,revt,31/12/2024,USD million,509.401
908 DEVICES INC,revt,31/12/2018,USD million,22.054
908 DEVICES INC,revt,31/12/2019,USD million,17.972
908 DEVICES INC,revt,31/12/2020,USD million,26.894
908 DEVICES INC,revt,31/12/2021,USD million,42.206
908 DEVICES INC,revt,31/12/2022,USD million,46.852
908 DEVICES INC,revt,31/12/2023,USD million,50.229
908 DEVICES INC,revt,31/12/2024,USD million,59.631
MICROCHIP TECHNOLOGY INC,revt,31/03/2016,USD million,2173.334
MICROCHIP TECHNOLOGY INC,revt,31/03/2017,USD million,3407.807
MICROCHIP TECHNOLOGY INC,revt,31/03/2018,USD million,3980.8
MICROCHIP TECHNOLOGY INC,revt,31/03/2019,USD million,5349.5
MICROCHIP TECHNOLOGY INC,revt,31/03/2020,USD million,5274.2
MICROCHIP TECHNOLOGY INC,revt,31/03/2021,USD million,5438.4
MICROCHIP TECHNOLOGY INC,revt,31/03/2022,USD million,6820.9
MICROCHIP TECHNOLOGY INC,revt,31/03/2023,USD million,8438.7
MICROCHIP TECHNOLOGY INC,revt,31/03/2024,USD million,7634.4
MICROCHIP TECHNOLOGY INC,revt,31/03/2025,USD million,4388.3
MARVELL TECHNOLOGY INC,revt,31/01/2016,USD million,2725.828
MARVELL TECHNOLOGY INC,revt,31/01/2017,USD million,2317.674
MARVELL TECHNOLOGY INC,revt,31/01/2018,USD million,2409.17
MARVELL TECHNOLOGY INC,revt,31/01/2019,USD million,2865.791
MARVELL TECHNOLOGY INC,revt,31/01/2020,USD million,2699.161
MARVELL TECHNOLOGY INC,revt,31/01/2021,USD million,2968.9
MARVELL TECHNOLOGY INC,revt,31/01/2022,USD million,4462.383
MARVELL TECHNOLOGY INC,revt,31/01/2023,USD million,5919.6
MARVELL TECHNOLOGY INC,revt,31/01/2024,USD million,5507.7
MARVELL TECHNOLOGY INC,revt,31/01/2025,USD million,5767.3
METALINK LTD,revt,31/12/2016,USD million,0.0
METALINK LTD,revt,31/12/2017,USD million,0.0
METALINK LTD,revt,31/12/2018,USD million,0.0
METALINK LTD,revt,31/12/2019,USD million,0.0
METALINK LTD,revt,31/12/2020,USD million,0.0
METALINK LTD,revt,31/12/2021,USD million,0.0
METALINK LTD,revt,31/12/2022,USD million,0.0
METALINK LTD,revt,31/12/2023,USD million,0.0
METALINK LTD,revt,31/12/2024,USD million,0.0
MICRON TECHNOLOGY INC,revt,31/08/2016,USD million,12399.0
MICRON TECHNOLOGY INC,revt,31/08/2017,USD million,20322.0
MICRON TECHNOLOGY INC,revt,31/08/2018,USD million,30391.0
MICRON TECHNOLOGY INC,revt,31/08/2019,USD million,23406.0
MICRON TECHNOLOGY INC,revt,31/08/2020,USD million,21435.0
MICRON TECHNOLOGY INC,revt,31/08/2021,USD million,27705.0
MICRON TECHNOLOGY INC,revt,31/08/2022,USD million,30758.0
MICRON TECHNOLOGY INC,revt,31/08/2023,USD million,15540.0
MICRON TECHNOLOGY INC,revt,31/08/2024,USD million,25111.0
MULIANG VIAGOO TECHNOLGY INC,revt,31/12/2016,USD million,3.056
MULIANG VIAGOO TECHNOLGY INC,revt,31/12/2017,USD million,0.737
MULIANG VIAGOO TECHNOLGY INC,revt,31/12/2018,USD million,13.205
MULIANG VIAGOO TECHNOLGY INC,revt,31/12/2019,USD million,12.882
MULIANG VIAGOO TECHNOLGY INC,revt,31/12/2020,USD million,11.009
MULIANG VIAGOO TECHNOLGY INC,revt,31/12/2021,USD million,10.635
MULIANG VIAGOO TECHNOLGY INC,revt,31/12/2022,USD million,11.854
MULIANG VIAGOO TECHNOLGY INC,revt,31/12/2023,USD million,8.657
MAGNACHIP SEMICONDUCTOR CORP,revt,31/12/2016,USD million,687.969
MAGNACHIP SEMICONDUCTOR CORP,revt,31/12/2017,USD million,679.672
MAGNACHIP SEMICONDUCTOR CORP,revt,31/12/2018,USD million,750.898
MAGNACHIP SEMICONDUCTOR CORP,revt,31/12/2019,USD million,792.195
MAGNACHIP SEMICONDUCTOR CORP,revt,31/12/2020,USD million,507.059
MAGNACHIP SEMICONDUCTOR CORP,revt,31/12/2021,USD million,474.23
MAGNACHIP SEMICONDUCTOR CORP,revt,31/12/2022,USD million,337.658
MAGNACHIP SEMICONDUCTOR CORP,revt,31/12/2023,USD million,230.051
MAGNACHIP SEMICONDUCTOR CORP,revt,31/12/2024,USD million,231.737
NAAS TECHNOLOGY INC,revt,31/12/2016,USD million,102.404
NAAS TECHNOLOGY INC,revt,31/12/2017,USD million,148.975
NAAS TECHNOLOGY INC,revt,31/12/2018,USD million,184.926
NAAS TECHNOLOGY INC,revt,31/12/2019,USD million,219.653
NAAS TECHNOLOGY INC,revt,31/12/2020,USD million,145.845
NAAS TECHNOLOGY INC,revt,31/12/2021,USD million,0.0
NAAS TECHNOLOGY INC,revt,31/12/2022,USD million,13.457
NAAS TECHNOLOGY INC,revt,31/12/2023,USD million,45.141
NAAS TECHNOLOGY INC,revt,31/12/2024,USD million,27.534
NATCORE TECHNOLOGY INC,revt,31/12/2016,USD million,0.0
NATCORE TECHNOLOGY INC,revt,31/12/2017,USD million,0.0
NORTHERN TRUST CORP,revt,31/12/2016,USD million,4907.2
NORTHERN TRUST CORP,revt,31/12/2016,USD million,5143.8
NORTHERN TRUST CORP,revt,31/12/2017,USD million,5505.6
NORTHERN TRUST CORP,revt,31/12/2017,USD million,5715.5
NORTHERN TRUST CORP,revt,31/12/2018,USD million,6359.8
NORTHERN TRUST CORP,revt,31/12/2018,USD million,6667.0
NORTHERN TRUST CORP,revt,31/12/2019,USD million,6644.2
NORTHERN TRUST CORP,revt,31/12/2019,USD million,6895.1
NORTHERN TRUST CORP,revt,31/12/2020,USD million,6010.7
NORTHERN TRUST CORP,revt,31/12/2020,USD million,6301.1
NORTHERN TRUST CORP,revt,31/12/2021,USD million,6195.7
NORTHERN TRUST CORP,revt,31/12/2021,USD million,6488.3
NORTHERN TRUST CORP,revt,31/12/2022,USD million,7463.1
NORTHERN TRUST CORP,revt,31/12/2022,USD million,7751.7
NORTHERN TRUST CORP,revt,31/12/2023,USD million,11912.6
NORTHERN TRUST CORP,revt,31/12/2023,USD million,12116.5
NORTHERN TRUST CORP,revt,31/12/2024,USD million,15576.3
NORTHERN TRUST CORP,revt,31/12/2024,USD million,15807.5
NEXALIN TECHNOLOGY INC,revt,31/12/2020,USD million,0.243
NEXALIN TECHNOLOGY INC,revt,31/12/2021,USD million,0.144
NEXALIN TECHNOLOGY INC,revt,31/12/2022,USD million,1.321
NEXALIN TECHNOLOGY INC,revt,31/12/2023,USD million,0.111
NEXALIN TECHNOLOGY INC,revt,31/12/2024,USD million,0.169
NXP SEMICONDUCTORS NV,revt,31/12/2016,USD million,9498.0
NXP SEMICONDUCTORS NV,revt,31/12/2017,USD million,9256.0
NXP SEMICONDUCTORS NV,revt,31/12/2018,USD million,9407.0
NXP SEMICONDUCTORS NV,revt,31/12/2019,USD million,8877.0
NXP SEMICONDUCTORS NV,revt,31/12/2020,USD million,8612.0
NXP SEMICONDUCTORS NV,revt,31/12/2021,USD million,11063.0
NXP SEMICONDUCTORS NV,revt,31/12/2022,USD million,13205.0
NXP SEMICONDUCTORS NV,revt,31/12/2023,USD million,13276.0
NXP SEMICONDUCTORS NV,revt,31/12/2024,USD million,12614.0
ON SEMICONDUCTOR CORP,revt,31/12/2016,USD million,3906.9
ON SEMICONDUCTOR CORP,revt,31/12/2017,USD million,5388.0
ON SEMICONDUCTOR CORP,revt,31/12/2018,USD million,5878.3
ON SEMICONDUCTOR CORP,revt,31/12/2019,USD million,5517.9
ON SEMICONDUCTOR CORP,revt,31/12/2020,USD million,5255.0
ON SEMICONDUCTOR CORP,revt,31/12/2021,USD million,6739.8
ON SEMICONDUCTOR CORP,revt,31/12/2022,USD million,8326.2
ON SEMICONDUCTOR CORP,revt,31/12/2023,USD million,8253.0
ON SEMICONDUCTOR CORP,revt,31/12/2024,USD million,7082.3
ONTO INNOVATION INC,revt,31/12/2016,USD million,232.78
ONTO INNOVATION INC,revt,31/12/2017,USD million,255.098
ONTO INNOVATION INC,revt,31/12/2018,USD million,273.784
ONTO INNOVATION INC,revt,31/12/2019,USD million,305.896
ONTO INNOVATION INC,revt,31/12/2020,USD million,556.496
ONTO INNOVATION INC,revt,31/12/2021,USD million,788.899
ONTO INNOVATION INC,revt,31/12/2022,USD million,1005.183
ONTO INNOVATION INC,revt,31/12/2023,USD million,815.868
ONTO INNOVATION INC,revt,31/12/2024,USD million,987.321
POET TECHNOLOGIES INC,revt,31/12/2016,USD million,1.862
POET TECHNOLOGIES INC,revt,31/12/2017,USD million,2.794
POET TECHNOLOGIES INC,revt,31/12/2018,USD million,3.888
POET TECHNOLOGIES INC,revt,31/12/2019,USD million,0.0
POET TECHNOLOGIES INC,revt,31/12/2020,USD million,0.0
POET TECHNOLOGIES INC,revt,31/12/2021,USD million,0.209
POET TECHNOLOGIES INC,revt,31/12/2022,USD million,0.553
POET TECHNOLOGIES INC,revt,31/12/2023,USD million,0.466
POET TECHNOLOGIES INC,revt,31/12/2024,USD million,0.041
QIFU TECHNOLOGY INC,revt,31/12/2016,USD million,
QIFU TECHNOLOGY INC,revt,31/12/2017,USD million,47.5
QIFU TECHNOLOGY INC,revt,31/12/2018,USD million,646.572
QIFU TECHNOLOGY INC,revt,31/12/2019,USD million,1324.12
QIFU TECHNOLOGY INC,revt,31/12/2020,USD million,2063.966
QIFU TECHNOLOGY INC,revt,31/12/2021,USD million,2618.792
QIFU TECHNOLOGY INC,revt,31/12/2022,USD million,2400.106
QIFU TECHNOLOGY INC,revt,31/12/2023,USD million,2297.388
QIFU TECHNOLOGY INC,revt,31/12/2024,USD million,2351.709
QUANTUMSCAPE CORP,revt,31/12/2019,USD million,0.0
QUANTUMSCAPE CORP,revt,31/12/2020,USD million,0.0
QUANTUMSCAPE CORP,revt,31/12/2021,USD million,0.0
QUANTUMSCAPE CORP,revt,31/12/2022,USD million,0.0
QUANTUMSCAPE CORP,revt,31/12/2023,USD million,0.0
QUANTUMSCAPE CORP,revt,31/12/2024,USD million,0.0
QUANTUM COMPUTING INC,revt,31/12/2020,USD million,0.0
QUANTUM COMPUTING INC,revt,31/12/2021,USD million,0.0
QUANTUM COMPUTING INC,revt,31/12/2022,USD million,0.136
QUANTUM COMPUTING INC,revt,31/12/2023,USD million,0.358
QUANTUM COMPUTING INC,revt,31/12/2024,USD million,0.373
QUICKLOGIC CORP,revt,31/12/2021,USD million,12.685
QUICKLOGIC CORP,revt,31/12/2016,USD million,11.421
QUICKLOGIC CORP,revt,31/12/2017,USD million,12.149
QUICKLOGIC CORP,revt,31/12/2018,USD million,12.629
QUICKLOGIC CORP,revt,31/12/2019,USD million,10.31
QUICKLOGIC CORP,revt,31/12/2020,USD million,8.634
QUICKLOGIC CORP,revt,31/12/2022,USD million,16.18
QUICKLOGIC CORP,revt,31/12/2023,USD million,21.198
QUICKLOGIC CORP,revt,31/12/2024,USD million,20.112
RUBICON TECHNOLOGY INC,revt,31/12/2016,USD million,19.63
RUBICON TECHNOLOGY INC,revt,31/12/2017,USD million,5.044
RUBICON TECHNOLOGY INC,revt,31/12/2018,USD million,3.878
RUBICON TECHNOLOGY INC,revt,31/12/2019,USD million,3.526
RUBICON TECHNOLOGY INC,revt,31/12/2020,USD million,4.467
RUBICON TECHNOLOGY INC,revt,31/12/2021,USD million,4.061
RUBICON TECHNOLOGY INC,revt,31/12/2022,USD million,3.587
RIGETTI COMPUTING INC,revt,31/12/2021,USD million,
RIGETTI COMPUTING INC,revt,31/12/2022,USD million,13.102
RIGETTI COMPUTING INC,revt,31/12/2023,USD million,12.008
RIGETTI COMPUTING INC,revt,31/12/2024,USD million,10.79
SINGULARITY FUTURE TECH LTD,revt,30/06/2016,USD million,7.311
SINGULARITY FUTURE TECH LTD,revt,30/06/2017,USD million,11.446
SINGULARITY FUTURE TECH LTD,revt,30/06/2018,USD million,23.065
SINGULARITY FUTURE TECH LTD,revt,30/06/2019,USD million,41.771
SINGULARITY FUTURE TECH LTD,revt,30/06/2020,USD million,6.536
SINGULARITY FUTURE TECH LTD,revt,30/06/2021,USD million,5.151
SINGULARITY FUTURE TECH LTD,revt,30/06/2022,USD million,3.988
SINGULARITY FUTURE TECH LTD,revt,30/06/2023,USD million,4.539
SINGULARITY FUTURE TECH LTD,revt,30/06/2024,USD million,3.137
SITIME CORP,revt,31/12/2017,USD million,101.065
SITIME CORP,revt,31/12/2018,USD million,85.214
SITIME CORP,revt,31/12/2019,USD million,84.074
SITIME CORP,revt,31/12/2020,USD million,116.156
SITIME CORP,revt,31/12/2021,USD million,218.808
SITIME CORP,revt,31/12/2022,USD million,283.605
SITIME CORP,revt,31/12/2023,USD million,143.993
SITIME CORP,revt,31/12/2024,USD million,202.697
SKYWATER TECH INC,revt,31/12/2019,USD million,136.725
SKYWATER TECH INC,revt,31/12/2020,USD million,140.438
SKYWATER TECH INC,revt,31/12/2021,USD million,162.848
SKYWATER TECH INC,revt,31/12/2022,USD million,212.941
SKYWATER TECH INC,revt,31/12/2023,USD million,286.682
SKYWATER TECH INC,revt,31/12/2024,USD million,342.269
SOLITRON DEVICES INC,revt,29/02/2016,USD million,8.395
SOLITRON DEVICES INC,revt,28/02/2017,USD million,7.426
SOLITRON DEVICES INC,revt,28/02/2018,USD million,9.27
SOLITRON DEVICES INC,revt,28/02/2019,USD million,9.378
SOLITRON DEVICES INC,revt,29/02/2020,USD million,9.237
SOLITRON DEVICES INC,revt,28/02/2021,USD million,10.534
SOLITRON DEVICES INC,revt,28/02/2022,USD million,12.284
SOLITRON DEVICES INC,revt,28/02/2023,USD million,6.406
SOLITRON DEVICES INC,revt,29/02/2024,USD million,12.757
SOLITRON DEVICES INC,revt,28/02/2025,USD million,14.049
SUPERCOM LTD,revt,31/12/2016,USD million,20.025
SUPERCOM LTD,revt,31/12/2017,USD million,33.264
SUPERCOM LTD,revt,31/12/2018,USD million,21.882
SUPERCOM LTD,revt,31/12/2019,USD million,16.475
SUPERCOM LTD,revt,31/12/2020,USD million,11.77
SUPERCOM LTD,revt,31/12/2021,USD million,12.267
SUPERCOM LTD,revt,31/12/2022,USD million,17.649
SUPERCOM LTD,revt,31/12/2023,USD million,26.57
SUPERCOM LTD,revt,31/12/2024,USD million,27.635
STMICROELECTRONICS NV,revt,31/12/2016,USD million,6973.0
STMICROELECTRONICS NV,revt,31/12/2017,USD million,8347.0
STMICROELECTRONICS NV,revt,31/12/2018,USD million,9664.0
STMICROELECTRONICS NV,revt,31/12/2019,USD million,9556.0
STMICROELECTRONICS NV,revt,31/12/2020,USD million,10219.0
STMICROELECTRONICS NV,revt,31/12/2021,USD million,12761.0
STMICROELECTRONICS NV,revt,31/12/2022,USD million,16128.0
STMICROELECTRONICS NV,revt,31/12/2023,USD million,17286.0
STMICROELECTRONICS NV,revt,31/12/2024,USD million,13269.0
SHARPS TECHNOLOGY INC,revt,31/12/2020,USD million,0.0
SHARPS TECHNOLOGY INC,revt,31/12/2021,USD million,0.0
SHARPS TECHNOLOGY INC,revt,31/12/2022,USD million,0.0
SHARPS TECHNOLOGY INC,revt,31/12/2023,USD million,0.0
SHARPS TECHNOLOGY INC,revt,31/12/2024,USD million,0.0
TAYLOR DEVICES INC,revt,31/05/2016,USD million,35.68
TAYLOR DEVICES INC,revt,31/05/2017,USD million,25.537
TAYLOR DEVICES INC,revt,31/05/2018,USD million,24.364
TAYLOR DEVICES INC,revt,31/05/2019,USD million,33.619
TAYLOR DEVICES INC,revt,31/05/2020,USD million,28.382
TAYLOR DEVICES INC,revt,31/05/2021,USD million,22.51
TAYLOR DEVICES INC,revt,31/05/2022,USD million,30.867
TAYLOR DEVICES INC,revt,31/05/2023,USD million,40.199
TAYLOR DEVICES INC,revt,31/05/2024,USD million,44.583
TOWER SEMICONDUCTOR LTD,revt,31/12/2016,USD million,1249.634
TOWER SEMICONDUCTOR LTD,revt,31/12/2017,USD million,1387.31
TOWER SEMICONDUCTOR LTD,revt,31/12/2018,USD million,1304.034
TOWER SEMICONDUCTOR LTD,revt,31/12/2019,USD million,1234.003
TOWER SEMICONDUCTOR LTD,revt,31/12/2020,USD million,1265.684
TOWER SEMICONDUCTOR LTD,revt,31/12/2021,USD million,1508.166
TOWER SEMICONDUCTOR LTD,revt,31/12/2022,USD million,1677.614
TOWER SEMICONDUCTOR LTD,revt,31/12/2023,USD million,1422.68
TOWER SEMICONDUCTOR LTD,revt,31/12/2024,USD million,1436.122
UNITED MICROELECTRONICS CORP,revt,31/12/2016,USD million,4563.893
UNITED MICROELECTRONICS CORP,revt,31/12/2017,USD million,5036.596
UNITED MICROELECTRONICS CORP,revt,31/12/2018,USD million,4941.21
UNITED MICROELECTRONICS CORP,revt,31/12/2019,USD million,4954.033
UNITED MICROELECTRONICS CORP,revt,31/12/2020,USD million,6190.025
UNITED MICROELECTRONICS CORP,revt,31/12/2021,USD million,7686.541
UNITED MICROELECTRONICS CORP,revt,31/12/2022,USD million,9072.199
UNITED MICROELECTRONICS CORP,revt,31/12/2023,USD million,7263.557
UNITED MICROELECTRONICS CORP,revt,31/12/2024,USD million,7086.576
VERB TECHNOLOGY CO INC,revt,31/12/2017,USD million,0.006
VERB TECHNOLOGY CO INC,revt,31/12/2018,USD million,0.032
VERB TECHNOLOGY CO INC,revt,31/12/2019,USD million,9.1
VERB TECHNOLOGY CO INC,revt,31/12/2020,USD million,9.965
VERB TECHNOLOGY CO INC,revt,31/12/2021,USD million,10.524
VERB TECHNOLOGY CO INC,revt,31/12/2022,USD million,9.435
VERB TECHNOLOGY CO INC,revt,31/12/2023,USD million,0.063
VERB TECHNOLOGY CO INC,revt,31/12/2024,USD million,0.895
VIOMI TECHNOLOGY -ADR,revt,31/12/2016,USD million,45.02
VIOMI TECHNOLOGY -ADR,revt,31/12/2017,USD million,134.211
VIOMI TECHNOLOGY -ADR,revt,31/12/2018,USD million,372.389
VIOMI TECHNOLOGY -ADR,revt,31/12/2019,USD million,667.458
VIOMI TECHNOLOGY -ADR,revt,31/12/2020,USD million,886.459
VIOMI TECHNOLOGY -ADR,revt,31/12/2021,USD million,834.933
VIOMI TECHNOLOGY -ADR,revt,31/12/2022,USD million,468.704
VIOMI TECHNOLOGY -ADR,revt,31/12/2023,USD million,351.643
VIOMI TECHNOLOGY -ADR,revt,31/12/2024,USD million,290.302
VALENS SEMICONDUCTOR LTD,revt,31/12/2020,USD million,
VALENS SEMICONDUCTOR LTD,revt,31/12/2021,USD million,70.684
VALENS SEMICONDUCTOR LTD,revt,31/12/2022,USD million,90.715
VALENS SEMICONDUCTOR LTD,revt,31/12/2023,USD million,84.161
VALENS SEMICONDUCTOR LTD,revt,31/12/2024,USD million,57.859
WEARABLE DEVICES LTD,revt,31/12/2020,USD million,0.057
WEARABLE DEVICES LTD,revt,31/12/2021,USD million,0.142
WEARABLE DEVICES LTD,revt,31/12/2022,USD million,0.045
WEARABLE DEVICES LTD,revt,31/12/2023,USD million,0.082
WEARABLE DEVICES LTD,revt,31/12/2024,USD million,0.522
SOLARWINDOW TECHNOLOGIES INC,revt,31/08/2016,USD million,0.0
SOLARWINDOW TECHNOLOGIES INC,revt,31/08/2017,USD million,0.0
SOLARWINDOW TECHNOLOGIES INC,revt,31/08/2018,USD million,0.0
SOLARWINDOW TECHNOLOGIES INC,revt,31/08/2019,USD million,0.0
SOLARWINDOW TECHNOLOGIES INC,revt,31/08/2020,USD million,0.0
SOLARWINDOW TECHNOLOGIES INC,revt,31/08/2021,USD million,0.0
SOLARWINDOW TECHNOLOGIES INC,revt,31/08/2022,USD million,0.0
SOLARWINDOW TECHNOLOGIES INC,revt,31/08/2023,USD million,0.0
SOLARWINDOW TECHNOLOGIES INC,revt,31/08/2024,USD million,0.0
WOLFSPEED INC,revt,30/06/2016,USD million,1616.627
WOLFSPEED INC,revt,30/06/2017,USD million,1473.0
WOLFSPEED INC,revt,30/06/2018,USD million,1493.68
WOLFSPEED INC,revt,30/06/2019,USD million,1080.0
WOLFSPEED INC,revt,30/06/2020,USD million,903.9
WOLFSPEED INC,revt,30/06/2021,USD million,525.6
WOLFSPEED INC,revt,30/06/2022,USD million,746.2
WOLFSPEED INC,revt,30/06/2023,USD million,921.9
WOLFSPEED INC,revt,30/06/2024,USD million,807.2
